Tree depth,load time (s),Estimate time (s),Total error,Absolute error,Relative error (%)
1,0.00361343,3.62397e-06,-0.6666,502.172,2.32932
2,0.00451716,3.15481e-06,-0.1111,374.074,1.02893
3,0.0073378,4.0536e-06,-0.3333,196.758,0.184915
4,0.00936264,3.62758e-06,-0.2222,116.211,0.0866663
5,0.0109012,3.61077e-06,-0.1111,94.3239,0.0696719
