Tree depth,Load time (s),Estimate time (s),Total error,Absolute error,Relative error (%)
1,0.000117468,2.24464e-08,-0.6666,502.172,2.32932
2,0.000177748,1.98029e-08,-0.1111,374.074,1.02893
3,0.000194092,3.66377e-08,-0.3333,196.758,0.184915
4,0.000286293,3.3113e-08,-0.2222,116.211,0.0866663
5,0.000267038,2.42551e-08,-0.1111,94.3239,0.0696719
