Tree depth;Average load time;Average estimate time;Average errors;Average obsolute errors;Average relative errors
1;9.51007e-05;1.4944e-08;-0.66666;502.217;2.32953
2;0.000102946;1.5615e-08;-0.11111;374.107;1.02902
3;0.000158115;1.9024e-08;-0.33333;196.776;0.184931
4;0.000199685;2.0644e-08;-0.22222;116.221;0.0866741
5;0.000218957;1.9746e-08;-0.11111;94.3324;0.0696781
