depth,load,est,total,abs,rel
1,9.79053e-05,1.78352e-08,-0.666667,502.222,232.956
2,0.000138565,1.83294e-08,-0.111111,374.111,102.903
3,0.000184385,1.77063e-08,-0.333333,196.778,18.4933
4,0.000180067,2.13119e-08,-0.222222,116.222,8.66749
5,0.000204766,2.27089e-08,-0.111111,94.3333,6.96788
