Tree depth,load time (s),Estimate time (s),Total error,Absolute error,Relative error
1,0.00323687,4.65096e-06,-0.6666,502.172,2.32932
2,0.0046506,3.34069e-06,-0.1111,374.074,1.02893
3,0.00737056,3.32046e-06,-0.3333,196.758,0.184915
4,0.00961775,3.6695e-06,-0.2222,116.211,0.0866663
5,0.0108005,3.74447e-06,-0.1111,94.3239,0.0696719
